fecha,nota_media,asistencia_media,horas_estudio_medias,tasa_aprobados
2023-01-01,67.5,71.2,7.8,0.82
2023-02-01,67.9,71.5,7.9,0.82
2023-03-01,68.2,72.0,8.1,0.83
2023-04-01,68.8,72.5,8.2,0.84
2023-05-01,69.4,73.1,8.4,0.85
2023-06-01,70.1,74.0,8.6,0.86
2023-07-01,69.8,73.8,8.5,0.85
2023-08-01,69.5,73.5,8.4,0.85
2023-09-01,70.4,74.2,8.8,0.86
2023-10-01,71.1,75.0,9.0,0.87
2023-11-01,71.6,75.6,9.2,0.88
2023-12-01,72.0,76.0,9.3,0.88
2024-01-01,72.4,76.3,9.4,0.88
2024-02-01,72.8,76.7,9.5,0.89
2024-03-01,73.3,77.1,9.6,0.89
2024-04-01,73.8,77.5,9.8,0.90
2024-05-01,74.2,77.9,9.9,0.90
2024-06-01,74.7,78.4,10.0,0.91
2024-07-01,74.3,78.1,9.9,0.90
2024-08-01,74.0,77.8,9.8,0.90
2024-09-01,75.0,78.7,10.2,0.91
2024-10-01,75.7,79.4,10.4,0.92
2024-11-01,76.3,80.0,10.6,0.92
2024-12-01,76.9,80.5,10.8,0.93
2025-01-01,77.2,80.8,10.9,0.93
2025-02-01,77.8,81.2,11.0,0.94
2025-03-01,78.2,81.5,11.1,0.94
2025-04-01,78.7,82.0,11.3,0.95
2025-05-01,79.1,82.3,11.4,0.95
2025-06-01,79.6,82.8,11.5,0.96
2025-07-01,79.2,82.5,11.4,0.95
2025-08-01,78.9,82.1,11.3,0.95
2025-09-01,80.0,83.0,11.7,0.96
2025-10-01,80.6,83.6,11.9,0.97
2025-11-01,81.2,84.1,12.1,0.97
2025-12-01,81.8,84.6,12.3,0.98
